filename,objectid,format,display_template,image_thumb,image_small,date,creator,title,subject,abstract,description,bigclass,worldcat,classification,publisher,journal,university,address,latitude,longitude
,miranda_b_thammy,,compound_object,/objects/thumbs/miranda_b_thammy_th.jpg,,2015,Thammy Miranda; Marcia Zanelatto,Thammy: nadando contra a corrente,Biografia,,,Book,https://search.worldcat.org/title/1253443635?oclcNum=1253443635,Livro,Best Seller,,,Rua Argentina 171 Parte Sao Cristovao Rio de Janeiro,,
,santana_b_transmasculinidades,,compound_object,/objects/thumbs/santana_b_transmasculinidades_th.jpg,,2021,Bruno Santana; Leonardo Peçanha; Vércio G. Conceição ,Transmasculinidades negras: narrativas plurais em primeira pessoa,Compilação; Transmasculinidades; Negritudes,"O livro 'Transmasculinidades Negras - Narrativas plurais em primeira pessoa' mobiliza e problematiza duas categorias sociais centrais: a masculinidade e a negritude. As existências e as experiências transmasculinas são tomadas como referência para esta mobilização, trazendo discussões particulares ao amplo debate sobre gênero e masculinidades. Como ponto de partida, este livro traz o entendimento de que as transmasculinidades se configuram no contexto de masculinidades plurais. Por isso, os textos que estão aqui reunidos trazem reflexões acerca das transmasculinidades negras, a partir do ponto de vista dos autores, homens trans negros. Assim, essa temática é abordada através do olhar dos próprios sujeitos sociais que vivenciam cotidianamente a condição racial e de gênero que se diferencia das corporalidades transmasculinas brancas, como também das masculinidades cisgêneras, brancas ou negras.",,Book,https://search.worldcat.org/title/1334678481?oclcNum=1334678481,Livro (Compilação),Ciclo Contínuo Editorial,,,"Rua Luiz Baptista, 148 - Jardim Piratininga, Sao Paulo",,
,araujo_b_pedagogias,,compound_object,/objects/thumbs/araujo_b_pedagogias_th.jpg,,2022,Maria Clara Araújo dos Passos,Pedagogias das travestilidades,Educação; Travestilidades,"Em Pedagogias das Travestilidades, a educadora e ativista Maria Clara Araújo dos Passos registra a luta do Movimento de Travestis e Mulheres Transexuais no Brasil, para assegurar que o Estado perceba essa comunidade como digna e lhe garanta os direitos sociais e políticos. Para isso, a autora documenta o saber que vem sendo produzido, desde 1979 até a atualidade, por esse coletivo, desde seu início, nas ruas, até sua chegada ao espaço privilegiado da academia. A publicação deste livro no Brasil – que desde 2008 lidera o terrificante ranking de assassinato de travestis e pessoas transexuais – é importante para afirmar que a existência dessas pessoas não apenas é possível, mas essencial para que a cidadania seja exercida de forma plena. Esta edição reúne apresentação da multiartista Linn da Quebrada e prefácio da professora da Pontifícia Universidade Católica de São Paulo (PUC-SP) Carla Cristina Garcia.",,Book,https://search.worldcat.org/title/1347246142,Livro,Civilização Brasileira,,,"Rua Pedro Alves, 41, Santo Cristo, Rio de Janeiro",,
,mombaca_b_nao,,compound_object,/objects/thumbs/mombaca_b_nao_th.jpg,,2021,Jota Mombaça,Não vão nos matar agora,,"“Como desfazer o que me tornam?” Com esta e tantas outras indagações, Jota Mombaça aponta horizontes que vislumbram a importância de existir e performar em meio às feridas deixadas pelo colonialismo. Não vão nos matar agora é um espaço de experimentação, fazendo da palavra e do corpo ferramentas de crítica, potência e combate. As reflexões forjadas neste livro testemunham uma produção de conhecimento original e interdisciplinar, permeada por tensões permanentes em que a autora busca repensar o mundo como o conhecemos, propondo alternativas e transformações rumo ao novo. Trata-se, pois, de afirmar a resistência dos corpos vigiados por sistemas de controle. Corpos ― e corpas ― que seguem de pé apesar das adversidades de um ambiente dominado por padrões opressivos, pela obsessão em rotulá-los e negá-los, na inútil tentativa de capturá-los. “Eu me lembro de trabalhar como se estivesse correndo. Correndo rumo a uma ilusão de conforto e estabilidade, a tentar salvar-me de coisas das quais não posso ser salva. E eu também lembro de trabalhar como se eu pudesse alcançar a velocidade necessária para cruzar pontes ainda não erguidas; como se, correndo, eu pudesse existir entre mundos assimétricos.” A publicação inaugura a coleção Encruzilhada, da Editora Cobogó, que, com coordenação de José Fernando Peixoto de Azevedo, doutor em Filosofia e professor da ECA/USP, pretende ser um panorama de títulos de autores nacionais e estrangeiros que abarcam temas contemporâneos como o antirracismo, os feminismos e o pensamento descolonial. Autores que refletem o presente buscando lançar luz sobre como os processos, na medida em que são enfrentados, compreendidos e transformados mudam a percepção histórica.",,Book,https://search.worldcat.org/title/1260257981,Livro,Cobogó,,,"Rua do Russel, 300, Glória,",,
,pfeil_b_corpos,,compound_object,https://cdn.awsli.com.br/600x1000/296/296870/produto/127383375/722f56f3b6.jpg,,2021,Bruno Pfeil; Nicolas Pustilnick; Nathan Victoriano,Corpos transitórios: narrativas transmasculinas,Compilação; Transmasculinidades," As produções literárias, artísticas e científicas que compõem essa obra revelam múltiplas formas de vivências, territorialidades, corporificações e performatividades dentro das transmaculinidades. Procuramos explorar a diversidade de perspectivas de mundo possíveis e o que nós, enquanto coletivo, aspiramos para os horizontes de futuro que desejamos construir. É um movimento de projeção de nossas vozes para além dos muros enclausurantes da cisheteronormatividade branca e uma afirmação de que nosso discurso é produtor de ideias relevantes que estão alinhadas com a transformação social",,Book,,Livro (Compilação),Devires,,,"Avenida Rui Barbosa, 239, Centro, Simões Filho, Bahia, Brasil",,
,almeida_b_molhado,,compound_object,https://i.ibb.co/nsLVxGf4/molhado-de-vermelhopoemas-de-transicao-guilherme-de-almeida-628d4f4030e31.jpg,,2019,Guilherme Almeida,Molhado de vermelho: poemas de transição,Poesia,,,Book,https://search.worldcat.org/title/1239730855?oclcNum=1239730855,Livro,Devires,,,"Avenida Rui Barbosa, 239, Centro, Simões Filho, Bahia, Brasil",,
,favero_b_criancas,,compound_object,https://cdn.awsli.com.br/600x1000/296/296870/produto/61969745/b00f0a603e.jpg,,2020,Sofia Favero,Crianças trans: infâncias possíveis,Crianças trans,"Crianças trans, vocês existem? A pergunta é, a meu ver, retórica. Sofia persegue a infância com um refinamento e uma sagacidade ímpares nesta publicação. A linguagem, como sempre, coloca-se de maneira capciosa quando nos referimos ao que não foi posto, a princípio, como ""natural"" a partir do olhar cisgênero. A autora empreende um trabalho fantástico, utilizando-se de uma auto-história que se entremeia com a cultura virtual contemporânea e a literatura científica, para nos falar de algo fulcral aos estudos sobre infância, ou sendo mais direta, sobre como funcionam os dispositivos sociais de afirmação de determinadas identidades, em detrimento de outras, hierarquizadas como ""normais"", ""boas"", ""bonitas"". Neste livro, com a sua inteligência própria, humor afiado e desenvoltura intelectual, Sofia nos presenteia com uma problematização sensível e didática do senso comum, abrindo os olhos para uma perspectiva mais complexa desse projeto que estamos produzindo: humanidade. Não um que fecha os olhos para a nossa diversidade, mas, isso sim, um que explora nossas possibilidades para além dos nomes, nosologias e apagamentos. Profa. Dra. Jaqueline Gomes de Jesus (IFRJ) Sobre a autora Sofia Favero é ativista, psicóloga e doutoranda em Psicologia Social e Institucional pela UFRGS. Faz parte da Associação e Movimento Sergipano de Transexuais e Travestis e do Núcleo de Pesquisa em Gênero e Sexualidade (NUPSEX). Em seu tempo livre, gosta de jogar videogame com suas duas sobrinhas, Helena e Lara.",,Book,,Livro,Devires,,,"Avenida Rui Barbosa, 239, Centro, Simões Filho, Bahia, Brasil",,
,oliveira_b_nem,,compound_object,https://cdn.awsli.com.br/600x1000/296/296870/produto/61988106/23c2b12904.jpg,,2020,Megg Rayara Gomes de Oliveira,Nem ao centro nem a margem: corpos que escapam às normas de raça e gênero,Educação; Negritudes,"Corpos que escapam às normas de raça e de gênero é composto por 10 artigos - alguns publicados em revistas científicas - que discutem relações étnico-raciais, gênero e diversidade sexual. Categorias como bicha, viado, gay afeminado, travestilidade, transexualidade, infância, mulher, dentre outras, são discutidas a partir do conceito interseccional presente em todos os textos. Nenhuma dessas categorias é tratada de forma estática, cristalizada. A autora reconhece que cada uma delas está em constante negociação, adaptação, transformação. Adotando uma postura genealógica, Megg Rayara Gomes de Oliveira transita por áreas variadas do conhecimento como arte africana e afro-brasileira, religião, iconografia religiosa cristã, arte queer, cinema, história em quadrinhos, movimento social de negras e negros e nos convida a refletir a respeito dos processos de apagamento que operam sobre pessoas consideradas, pela sociedade e pela academia, como menos humanas.",,Book,https://search.worldcat.org/title/1246252556?oclcNum=1246252556,Livro,Devires,,,"Avenida Rui Barbosa, 239, Centro, Simões Filho, Bahia, Brasil",,
,oliveira_b_diabo,,compound_object,https://cdn.awsli.com.br/600x1000/296/296870/produto/61988483/e3433ca8d7.jpg,,2020,Megg Rayara Gomes de Oliveira,O diabo em forma de gente: (r)resistências de gays afeminados na educação,Educação,"O Diabo em Forma de Gente: (r)existências de gays afeminados, viados e bichas pretas na educação é uma pesquisa de doutorado, e como nome informa, se concentra no espaço escolar, um lugar caracterizado pelo controle de corpos e pela produção de subjetividades e se orienta a partir de duas formas de segregação e preconceito, o racismo e a homofobia. Embora a pesquisa adote um tom de denúncia, reconhecendo que o dispositivo de sexualidade e o dispositivo de racialidade operam sobre as experiências de homossexuais masculinos negros, que passam inclusive por um processo de demonização, o interesse da autora foi destacar as estratégias de enfrentamento desenvolvidas por 4 docentes negros que expressam orientação sexual discordante da norma heterossexual. A pesquisa constatou que as resistências desenvolvidas são múltiplas e emergem, na maioria das vezes, dos discursos racistas e homofóbicos. Assim, as categorias gays afeminado, viado, bicha e preta são ressignificadas pelos próprios sujeitos aos quais elas se referem, e se materializam como possibilidades concretas de enfrentamento. Para fazer esse debate a autora, Megg Rayara Gomes de Oliveira, se utilizou do método auto-biográfico desenvolvido pelo professor doutor Marcio Cawetano e adotou uma postura interseccional para mostrar que são múltiplos os marcadores que operam para interditar socialmente uma pessoa. O texto aqui apresentado é um exercício de pesquisa caracterizado pelo revezamento entre várias áreas do conhecimento e contribui de forma bastante potente para a pesquisa acadêmica e também para a construção de uma sociedade menos normalizadora. Embora a escola seja apresentada como um espaço de controle sobre os corpos, especialmente aqueles que escapam às normas de raça e de gênero considerado hegemônicos, ela também pode apresentar áreas de escape e assim evitar que o controle se efetive da forma pretendida. A pesquisa, escrita em primeira pessoa por uma travesti preta, moradora da cidade de Curitiba, mostra que os mecanismos de controle que conduzem pessoas negras, gays afeminados, viados e bichas ao abandono do sistema educacional não são eficazes em sua totalidade e muitos corpos escapam e a formação acadêmica se revela como uma estratégia de enfrentamento bastante poderosa. O Diabo em forma de gente construído pelos discursos normatizadores e normalizadores é assumido por quem antes era a vítima dele. O Diabo materializado na figura do gay afeminado, do viado e da bicha preta coloca em debate as múltiplas possibilidades de (r)existências que questionam os dispositivos de poder que queriam destruí-lo. O racismo e a homofobia se interseccionam e continuam operando sobre as existências de gays afeminados, viados e bichas pretas como dispositivos de poder. Mas, como propõe Michel Foucault (1986 - 1984), onde há poder há resistências. Há existências.",,Book,,Livro,Devires,,,"Avenida Rui Barbosa, 239, Centro, Simões Filho, Bahia, Brasil",,
,odara_b_pedagogia,,compound_object,https://m.media-amazon.com/images/I/51s+beBhAuL._SY445_SX342_PQ80_.jpg,,2020,Thiffany Odara,Pedagogia da desobediência: travestilizando a educação,Educação; Travestilidades,"O livro Pedagogia da Desobediência: Travestilizando a Educação da pesquisadora, pedagoga e Iyálorixá Thiffany Odara conta sobre a produção de saberes travestis na cidade de Salvador. Costurando as histórias do movimento trans com os diálogos teóricos do feminismo negro, Thiffany propõe travestilizar a educação como forma de construção de espaços de conhecimento que sejam para todas as pessoas. Uma pedagogia transgressora que diz de reinvindicação e acesso, em especial das pessoas trans, a condição de humanidade. Uma publicação que abre caminhos para outras pedagogias e incita a desobediência do CIStema. Thais Faria Castro (Editora) Um mergulho em águas profundas! Essa é uma das inúmeras definições possíveis das sensações experimentadas as leitoras (es) de Pedagogia da desobediência: Travesti lizando a educação. Como um convite para reatualizarmos nossas concepções sobre os feminismos negros e as produções transfeminista Thiffany Odara nos apresenta o impacto da produção intelectual de uma mulher negra, baiana, candomblecista trans no campo da educação. Para além de um magnifico resgate histórico da luta das travestis na cidade de Salvador o texto nos leva a entender o caráter pedagógico desse movimento, e como este foi e é fundamental para sobrevivência dessas ativistas; bem como os ensinamentos e legados deixados para as futuras gerações. Ao resgatar o pensamento clássico dos feminismos negros e transfeminismos também fica evidente a provocação sobre a necessidade urgente da articulação entre essas teorias e práticas para melhor entendermos o trilhar do caminho que nos é proposto. As reflexões tornam-se ainda mais potentes quando a autora intersecciona sua formação enquanto pedagoga para deslocarmos essas discussões para o campo da educação; pensando a mesma para além do espaço escolar. Thiffany transforma as dores e violências sofridas em sua trajetória educacional em uma ordem imperativa: É preciso desobedecer e travestilizar! Os apontamentos para a construção de uma educação transgressora se fazem presente durante toda a construção do pensamento da autora que sem dúvidas nos aponta os possíveis caminhos para pensarmos conceitos e formulações inéditas em campos distintos do conhecimento.",,Book,https://search.worldcat.org/title/1244180598,Livro,Devires,,,"Avenida Rui Barbosa, 239, Centro, Simões Filho, Bahia, Brasil",,
,favero_b_psicologia,,compound_object,https://cdn.awsli.com.br/600x1000/296/296870/produto/183987818/e643e999db.jpg,,2022,Sofia Favero,Psicologia suja,Psicologia,"Neste livro, Sofia Favero explora a potência dos afetos infames, dentre eles a raiva, culpa e tristeza, como forma de dar outros destinos à vivência de ser minorizada. As cenas em que pessoas são atingidas pelo racismo e sexismo são capazes de gerar respostas emocionais complexas, ligadas a sensações que, paradoxalmente, nos educam a lutar contra. Em diálogo com a negatividade queer e os estudos críticos da branquitude, Favero conjuga a brutalidade destinada a travestis no Brasil como estratégia para imaginar outros mundos, propondo uma leitura psicológica sobre as constantes humilhações e assujeitamentos a que mulheres, pessoas negras, gordas e LGBT+s têm sido expostas em seus cotidianos. Articulando conceitos e saberes como pulsão de morte, erotismo, cancelamento, afropessimismo e destransição, ela aposta na sujeira como forma de resistir ao imperativo da limpeza e da assepsia que as recentes “clínicas da diversidade” têm investido. No lugar disso, a autora encara o sujo como uma pergunta ativa. O que fazemos com a violência anti-trans disseminada na cultura? Diante do quadro mortífero causado pela desigualdade social e pela injustiça epistêmica, Sofia escreve com fúria sobre experiências pessoais, na busca de sugerir à clínica uma postura mais sacana, criminosa, no próprio ato de ouvir. Sujas são aquelas pessoas que não são nem sujeito (condição política) nem objeto (condição de desejo). Psicologia Suja é um livro provocativo e certamente marca a força dos estudos trans nesse território denso que é o campo do cuidado, propondo usos políticos da irritação e do arrependimento. Afinal, uma clínica software já conhecemos, podemos fortalecer uma clínica malware? Esse é o ousado convite que Sofia faz a quem lê.",,Book,https://search.worldcat.org/title/1390629402,Livro,Devires,,,"Avenida Rui Barbosa, 239, Centro, Simões Filho, Bahia, Brasil",,
,favero_b_pajuba,,compound_object,https://img.skoob.com.br/zE31r7vphh4ZQ4yX851LYbtvrQk=/202x312/center/top/smart/filters:format(jpeg)/https://skoob.s3.amazonaws.com/livros/11750350/PAJUBA__TERAPIA_160980318411750350SK1609803186B.jpg,,2020,Sofia Favero,Pajubá-terapia: ensaios sobre a cisnorma,Psicologia; Cisgeneridade,"Escrito pela psicóloga Sofia Favero, o livro Pajubá-Terapia: ensaios sobre a cisnorma chega ao público leitor com a proposta de ampliar o debate sobre um recorte da perspectiva psico-clínica tradicional e apresenta diferentes possibilidades de subversão no campo da saúde mental. A participação cada vez mais frequente de pessoas trans e travestis na psicologia tem feito com que os saberes psicopatológicos sejam desestabilizados. Ao mesmo tempo, novas disputas estão em surgimento, situando a “diversidade” no centro de determinados processos terapêuticos.

Sofia, em seu livro, faz uma crítica ao que está sendo chamado de “clínica LGBT” – reconhecendo como esse âmbito não tem se desligado de uma tradição essencialista, na qual as posicionalidades de gênero, sobretudo, seriam vistas desde sempre enquanto adoecimentos ou expressões de um sofrimento interno. A autora se dedica a desmantelar a crença de que as transexualidades, travestilidades e transgeneridades se tratariam de demandas terapêuticas em todo e qualquer caso, a partir de uma escrita sarcástica, biográfica e pouco comprometida com uma “verdade” sobre a identidade.",,Book,,Livro,Editora,,,,,
,,,,,,2022,Renata Carvalho,Manifesto transpofágico,Travestilidades; Artes; História,,,Book,,Livro,editora monstra,,,,,
,guimaraes_b_meu,,compound_object,https://m.media-amazon.com/images/I/51VDDOd4JOL._SY445_SX342_PQ80_.jpg,,2016,Amanda Guimarães; Lielson Zeni,Meu nome é Amanda,Biografia,,,Book,https://search.worldcat.org/title/1513504242,Livro,Fábrica 321,,,,,
,Travestilidades; História,,compound_object,https://images.squarespace-cdn.com/content/v1/5c9edf9111f78419cff9bb06/1634756190528-EUFASL0NZ80IT8O1382Y/Screen+Shot+2021-10-20+at+2.57.18+PM.png,,2021,Jovanna Baby Cardoso da Silva,Bajubá Odara: resumo histórico do nascimento do movimento de travestis no Brasil,Travestilidades,,,Book,,Livro,FONATRANS,,,,,
,leal_b_exorbitancias,,compound_object,https://i.ibb.co/wN9cz5mn/bddb27-eb0884f487ba476ca07146f0d3fe967c-mv2-1.jpg,,2021,Abigail Campos Leal,Ex/orbitâncias: os caminhos da deserção de gênero,Poesia,,,Book,,Livro,GLAC edições,,,,,
,rodovalho_b_se,,compound_object,https://images-na.ssl-images-amazon.com/images/S/compressed.photo.goodreads.com/books/1470093070i/31312280.jpg,,2016,Amara Moira,E se eu fosse puta,Prostituição; Travestilidades,"E se eu fosse puta é o quê? Você, leitor, que me diz. Tem de tudo um pouco, mas sobretudo verdade, dessas que a gente gosta só debaixo do tapete, bem escondidinha, o dia a dia da rua, a barganha, a cama, o homem depois de gozar. Amara se vê travesti e junto descobre a vida que haveria a partir de então, puta aonde quer que fosse, fosse pra cuspir, fosse pra perguntar discretamente o preço (""tudo no sigilo, sou casado, sabe?""). Corpo que não tem lugar, corpo que se fazia à revelia das regras, das normas, corpo que se prestava pra sombra, essa era eu e eu não fazia sentido, sequer sabia aonde eu queria chegar. Quem me entendia? Esse livro é sobre a escolha que não faz sentido, esse livro é sobre buscar porquês. E se eu fosse puta? E se eu fosse você?",,Book,https://search.worldcat.org/title/1409223726,Livro,Hoo,,,"R. Visc. do Rio Branco, 886 - Vila Jardini, Sorocaba - SP, 18044-000, Brazil",,
,vitorino_b_devoracoes,,compound_object,https://images-na.ssl-images-amazon.com/images/S/compressed.photo.goodreads.com/books/1594148732i/54434067.jpg,,2018,Castiel Vitorino,"Devorações: descolonizando corpos, desejos e escritas",Artes,,,Book,,Livro,Issu,,,"R. Visc. do Rio Branco, 886 - Vila Jardini, Sorocaba - SP, 18044-000, Brazil",,
,nascimento_b_transfeminismo,,compound_object,https://m.media-amazon.com/images/I/41NYtiweo2L._SY445_SX342_PQ80_.jpg,,2021,Letícia Carolina Nascimento,Transfeminismo,Transfeminismo,"Letícia Nascimento, em Transfeminismo, através de uma linguagem acessível e didática, traz ao público geral explicações necessárias sobre os conceitos de gênero, transgeneridade, mulheridade, feminilidade e feminismo. Mostra como cada vez mais é necessário que as pessoas estejam abertas às diversas existências que não necessariamente se encaixam no organização binária e cisgênera do mundo. Um primeiro passo nesse sentido é conhecer as experiências de quem faz parte desses grupos e esse livro, escrito por uma mulher travesti, negra e gorda, que está presente nos meios acadêmicos e é inspiração para outras mulheres transexuais e travestis, apresenta essas vivências, traz conceituações históricas e situa o transfeminismo dentro dos demais feminismos existentes.",,Book,https://search.worldcat.org/title/1285001019,Livro,Jandaíra,,,,,
,nery_b_viagem,,compound_object,https://m.media-amazon.com/images/I/412bId+gp0L._SY445_SX342_PQ80_.jpg,,2011,João Nery,Viagem solitária: memórias de um transexual trinta anos depois,Biografia," ""Viagem solitária"" conta a história de João W. Nery, o primeiro transexual masculino de que se teve notícia no Brasil. Especialmente dedicado a todas as pessoas que se reinventam para achar um lugar no mundo, narra a infância triste e confusa do menino tratado como menina, a adolescência transtornada, iniciada com a ""monstruação"" e o crescimento dos seios que fazia de tudo para esconder , o processo de autoafirmação e a paternidade. São muitos os personagens dessa história: de Darcy Ribeiro, considerado seu mentor intelectual e um dos primeiros amigos a compreenderem-no, a Antônio Houaiss, que, sendo um grande defensor das liberdades democráticas, recomendou seu primeiro livro para publicação, Erro de pessoa: Joana ou João?, do qual foi prefaciador. História de dramas, incompreensões e lutas, Viagem solitária é um livro tecido de dor e de coragem e que anuncia, talvez, um mundo menos solitário para os ""diferentes"", para aqueles que não se enquadram entre as maiorias...",,Book,https://search.worldcat.org/title/852425024,Livro,Leya,,,,,
,adreon_b_meu,,compound_object,https://i.ibb.co/1fYd2Wx0/162112.jpg,,1985,Lorys Ádreon,"Meu corpo, minha prisão: autobiografia de um transexual",Biografia,,,Book,https://search.worldcat.org/title/14164980,Livro,Marco Zero,,,,,
,jesus_b_transfeminismo,,compound_object,https://loja.metanoiaeditora.com/image/cache/data/produtos/imagem-produtos/9788563439550-926x926.jpg,,2015,Jaqueline Gomes de Jesus,Transfeminismo: teoria e prática,Compilação; Transfeminismos,"Livro que se apresenta como uma ""literatura de fronteira"" no campo do gênero, da diversidade sexual e dos feminismos, aprofunda reflexões dessa novíssima linha de pensamento e ação, reconhecendo as contribuições pragmáticas dos movimentos sociais e as observações do meio acadêmico, propondo conexões que, para além de estimular diálogos e estudos, subsidiam iniciativas políticas fundamentadas.",,Book,,Livro (Compilação),Metanoia,,,"Rua 7 de Abril, 235, Conjunto 102 - República",,
,brasileiro_b_quando,,compound_object,https://i.ibb.co/Z68Lnj9t/brasileirocapaquando.jpg,,2022,Castiel Vitorino Brasileiro,Quando o sol aqui não mais brilhar: a falência da negritude,Negritudes,"A civilização brasileira menospreza os nomes dos povos de civilizações africanas – aqui enraizados há quase 500 anos – e prefere o sofismo de chamá-los pelo nome da commodity transportada em navios negreiros: os negros. Cria-se assim, em tese, um círculo vicioso de racismo institucional e sistêmico que retroalimenta o racismo estrutural no Brasil. A brasilidade alcança cotidianamente seu objetivo de matar as almas africanas brasileiras, e assim segue especializando a civilização brasileira num africanicídio.
Mestre Renato Santo.

A racialização negra não é um motivo de orgulho, mas uma distração. No Brasil vivemos um desafio semantico, um dos pilares de nossa colonização: Ser Negro.
Castiel Vitorino Brasileiro.",,Book,https://search.worldcat.org/title/1374338677,Livro,n-1 edições,,,,,
,albuquerque_b_princesa,,compound_object,https://i.ibb.co/jkBQqq6q/I81-1953-000-detail1.jpg,,1995,Fernanda Albuquerque; Maurizio Jannelli,A Princesa: depoimentos de um travesti brasileiro a um líder das Brigadas Vermelhas,Prostituição; Travestilidades; História,,,Book,,Livro,Nova Fronteira,,,,,
,benvenutty_b_fernanda,,compound_object,https://cdnhuawei.lojavirtuolpro.com/editorapatua/produto/multifotos/hd/20221021151151_3823996177_DZ.webp,,2022,Fernanda Benvenutty; Silvana Nascimento; Lux Lima,Fernanda Benvenutty: uma política travesti,Travestilidades,"Artista circense. Carnavalesca. Parteira. Mãe. Militante. Travesti. Fernanda Benvenutty abriu caminhos para uma política travesti e foi precursora do movimento trans no Brasil. Em meio à ditadura militar, no interior da Paraíba, se tornou feminina. Entre desfiles na avenida, salas de parto, passeatas e reuniões políticas, rompeu preconceitos e virou referência. Sua biografia reconstitui essa trajetória, cuja única constância foi a busca por alcançar o que diziam ser impossível.",,Book,,Livro,Patuá,,,"Rua Luís Murat, 40 Pinheiros - São Paulo",,
,leal_b_trans,,compound_object,https://cdnhuawei.lojavirtuolpro.com/editorapatua/produto/multifotos/hd/20221122123038_1481998519_DZ.webp,,2017,Dodi Leal,De trans pra frente,Artes,"Ser trans pra mim é libertar-se. É não ser ator nem atriz: é ser atroz. É ir atrás. Estar à frente. É enfrentar. É atuar sobre si mesma. É assumir riscos. É ter a dádiva de duvidar da vida. Ser Trans é ter peito. E também é não ter. Ser Trans é genial, não genital. Não é do caralho, nem de xoxota. É de corpo inteiro. É reinventar-se e criar sobre a própria existência. Ser Trans é confuso, é borrar os limites, é rascunho. Ser Trans é poesia. É assumir-se corpo. Ir além. Ser criação e criadora. A médica e a monstra. Ser Trans é divino. É obra de d'eus. De todos os eus que me constituem. Não é obra das trevas. É obra das travas. Ser trans é um ato de coragem. É um campo de batalha. Ser trans é entregar-se. É não abrir mão de si. O que pode ser, algumas vezes, solitário. Mas tenho me encontrado em outras solidões. E tenho percebido que não estou sozinha. Não estamos. Eu soul Trans. E celebro minha existência. Celebro as nossas vidas, nossas conquistas. Se eu não fosse Trans, gostaria de ser",,Book,https://search.worldcat.org/title/1366104515,Livro,Patúa,,,"Rua Luís Murat, 40 Pinheiros - São Paulo",,
https://archive.org/details/liberdadeaindaqu00rudd/mode/2up,pinho_b_liberdade,,compound_object,https://i.ibb.co/LDFqyLLX/144804767-1772312362947297-7405201817677275826-n.jpg,,1998,Ruddy Pinho,Liberdade ainda que profana,Biografia,,,Book,https://search.worldcat.org/title/42005621,Livro,Razão Cultural ,,,,,
,nery_b_erro,,compound_object,https://i.ibb.co/gFLpZzqF/erro-de-pessoa.png,,1984,João Nery,Erro de pessoa: Joana ou João?,Biografia,,,Book,https://search.worldcat.org/title/17113911?oclcNum=17113911,Livro,Record,,,"Rua Lima Barros, 61",,
,marilac_b_eu,,compound_object,https://m.media-amazon.com/images/I/41qk2TA4oAL._SY445_SX342_PQ80_.jpg,,2019,Luísa Marilac; Nana Queiroz,"Eu, travesti: Memórias de Luísa Marilac",Biografia,"Biografia da ativista Luísa Marilac por Nana Queiroz, autora de Presos que menstruam. Luísa Marilac nasceu em Minas Gerais e assumiu-se travesti aos 17 anos. Além dos tradicionais traumas associados à transição de gênero em uma família conservadora e de classe baixa, levou sete facadas aos 16 anos, foi vítima de tráfico sexual na Europa, prostituiu-se, foi estuprada e presa mais de uma vez. Alçou-se à fama depois que viralizou no YouTube um vídeo seu com o bordão ""E disseram que eu estava na pior"". Em uma história de superação, transformou a dor em energia para lutar pela mudança do mundo para mulheres que nascem como ela – com um ""pedaço de picanha entre as pernas"", como costuma brincar. Ativista das travestis, trabalha para combater o preconceito com humor e diálogo franco. Com Nana Queiroz, constrói um relato visceral e poético sobre sua trajetória, dedicado ""a todas as travestis que nunca viveram para contar suas histórias"".
",,Book,https://search.worldcat.org/title/1112673017?oclcNum=1112673017,Livro,Record,,,"Rua Lima Barros, 61",,
,close_b_muito,,compound_object,https://images-na.ssl-images-amazon.com/images/S/compressed.photo.goodreads.com/books/1503331642i/5343748.jpg,,1998,Roberta Close; Lucia Rito,"Muito prazer, Roberta Close",Biografia,,,Book,https://search.worldcat.org/title/39985942?oclcNum=39985942,Livro,Rosa dos Tempos,,,"Rua Argentina, 120, São Cristóvão",,
,lucas_b_esse,,compound_object,https://editoraurutau.com/wp-content/uploads/2021/05/capa_ma.png,,2021,Maria Lucas,"Esse sangue não é de menstruação, mas de transfobia",,"Será o desejo por voar ou apenas esse zumbido estancar? Fica na ponta do pé, segura um salto nas largas mãos. O corpo é comprimido pois não deseja esparramar-se alguns andares abaixo, no chão.
Mas ouvir esse zumbido, esse som que cresce no seu corpo ouvido, Ela não aguenta quer. Então voaremos, assim como voa uma bela e atordoada mulher.",,Book,,Livro,Urutau,,,"Rua Doutor Manuel Pacheco Nobre, 109, 2830-080",,
,lucas_b_mais,,compound_object,https://editoraurutau.com/wp-content/uploads/2022/05/mlucas-capa.jpg,,2022,Maria Lucas,Mais uma casa de bonecas,,"Este livro é um misto de verdades cruas e de possibilidades de uma vivência fora das normas absurdas que constroem um mundo ficcional. É sobre se autoescrever para conseguir se enxergar por fora. É sobre ler para poder compreender como se constrói a personagem aqui descrita. É talvez um convite para o processo de criação da autora ou um chamamento para penetrar no que acontece com a protagonista, para além da fatia de sua vida descrita na obra que antecede esta. Este livro não é uma história linear, é uma proposta. Este livro pode até nem ser, na verdade, um livro, mas fragmentos que, após lidos de uma forma linear, podem ser quebrados, rasgados, rasurados e justapostos antes, durante ou depois do livro lido anteriormente.",,Book,,Livro,Urutau,,,"Rua Doutor Manuel Pacheco Nobre, 109, 2830-080",,
,herzer_b_queda,,compound_object,https://m.media-amazon.com/images/I/9143RUwZ4DL._SY466_.jpg,,1982,Anderson Herzer,A queda para o alto,Biografia,"Aos vinte anos de idade, Sandra Mara Herzer, ou Anderson Herzer, como ela passou a se autodenominar depois de assumir uma identidade masculina, encontrou na morte o fim de seus dramas. Ainda muito pequena passou por acontecimentos dolorosos, decepções com entes queridos e maus-tratos. Seu pai foi assassinado quando ela tinha três anos, sua mãe morreu quando Sandra ainda não completara oito anos. Foi adotada por seus tios; mas, sempre incompreendida, desenvolveu grande sensibilidade e também rebeldia. internada na Febem, neste mundo diferente, severo, morto, desumano, injusto - como diz no livro - conheceu mais um lado cruel da vida.",,Book,https://search.worldcat.org/title/46316411,Livro,Vozes,,,"Rua Frei Luiz, 100 – Centro CEP 25689-900",,
Andrade_DT_Travestis.pdf,andrade_dt_travestis,application/pdf,pdf,https://i.ibb.co/fVwhJv5V/andrade-dt-travestis-th.jpg,,2012,Luma Nogueira de Andrade,Travestis na escola: assujeitamento e resistência à ordem normativa,Educação; Travestilidades,"Esta pesquisa tem por objetivo desvendar as resistências e assujeitamentosdas jovens travestis na escola. Evidencia-se o uso de táticas que as jovens/estudantes/travestis fazem para burlar a disciplina e o controle eproduzir linhas de fuga para o acesso e a permanênciano espaço escolar. Como as estudantes travestis se movem na ordem normativa da escola? Como constroem sua experiência de ser jovem travesti na escola? Quais as possibilidades de resistência diante desse ciclo de interdição e práticas reguladoras do sexo existentes na instituição escolar? Para realizara investigação, fez-se um levantamento do número de travestis matriculadas em escolas de Ensino Médio da rede estadual de ensino do Ceará, que orientou a escolha de três escolas para aplicação de questionários com alunos(as), professores(as) e gestores(as). Estabeleço um diálogo com autores como Vale (2005), Benedett (2005), Silva (2007), Kulick (2008), Pelúcio (2009), Certeau (1994) e Foucault (1987).Para o aprofundamento dos dados, desenvolvemos uma pesquisa de caráter etnográfico com as travestis. O resultado da pesquisa apontou que dos 184 municípios do estado do Ceará apenas 25 possuem jovens transgêneros matriculados em escolas estaduais.A negação das travestis no espaço da sala de aula resulta no confinamento e na exclusão, que as transformam em desviantes e indesejadas. Quando isso ocorre no ambiente escolar, a pressão normalmente é tão intensa que impele as travestis a abandonar os estudos, sendo disseminada a ideia de que foi sua própria escolha. Esta justificativa tenta mascarar o fracasso da escola em lidar com as diferenças, camuflando o processo de evasão involuntária induzido pela escola. As travestis pesquisadas se assujeitam e resistem para poder sobreviver; em alguns momentos, elas sucumbiram “ao peso de forças adversas”, mas também conseguiram gozar “as alegrias da solidariedade”.",,Dissertation/Thesis,,Tese (Doutorado),,,UFC,,-3.743650277,-38.5737594
Araujo_DT_Fecundacoes.pdf,araujo_dt_fecundacoes,application/pdf,pdf,https://i.ibb.co/xKtZnbfw/araujo-dt-fecundacoes-th.jpg,,2019,Bru Pereira de Araujo,Fecundações cruzadas: gêneros ameríndios e incursões antropológicas,Ciências Sociais; Antropologia,,,Dissertation/Thesis,,Dissertação (Mestrado),,,UNESP,,-20.51026337,-47.38596473
Bagagli_DT_Discursos.pdf,bagagli_dt_discursos,application/pdf,pdf,https://i.ibb.co/qF5PYzWP/bagagli-dt-discursos-th.jpg,,2019,Beatriz Bagagli,Discursos de transfemininas e feministas radicais: disputas pela significação da mulher no feminismo,Linguística; Transfeminismos,"Este trabalho tem como objetivo analisar discursos feministas que tematizam os sujeitos transgêneros e/ou travestis e/ou transexuais. Tratam-se sobretudo de análises de discursos feministas radicais trans-excludentes e/ou autointitulados ""críticos de gênero"" através de um referencial teórico transfeminista, ao qual a autora deste trabalho explicitamente se filia. Concentramos nossas análises nas teorizações de duas autoras acadêmicas: Janice G. Raymond e Sheila Jeffreys. As teorizações destas duas autoras possuem uma vasta influência nos posicionamentos trans-excludentes nos discursos e movimentos feministas contemporâneos. Para tanto, iremos utilizar conceitos provenientes do campo teórico da Análise de Discurso, tal como o de formação discursiva, visando compreender a textualização da problemática teórica feminista. Nosso corpus de análise conta com textos provenientes de livros, revistas acadêmicas (artigos e resenhas de livros), portais de notícias, sites e blogs (todos de acesso público). Abordamos os temas centrais de polêmicas entre transfeministas e feministas radicais: alterações corporais pela medicina; socialização; estereótipos, identidade e abolição de gênero; a negação da autenticidade das identidades trans e a sexualidade lésbica. Levamos em consideração a íntima relação entre as construções linguísticas e ideológicas para a análise de discursos feministas. Nomeamos duas tendências no discurso feminista radical trans-excludente: paternalista e conspiratória. Nos detivemos sobretudo para os efeitos produzidos pelas construções linguísticas de negação que incidem sobre as formulações que tematizam a questão da subversão e identidade de gênero. Em virtude da importância e centralidade do efeito de denegação nos discursos analisados, trazemos as considerações teóricas da linguística e psicanálise sobre a negação. Além da negação, trazemos a discussão sobre pressuposição linguística e sua relação com o conceito de pré-construído, além da questão do reconhecimento, vulnerabilidade, subjetividade e a relação entre feminismo e psicanálise. Pudemos concluir que em virtude do reconhecimento das identidades transgêneras ser enquadrado no âmbito individual e intencional e a problemática da subversão de gênero ser textualizada pelo efeito de denegação, não houve uma mudança de terreno epistemológico de uma problemática idealista pela formação teórica feminista radical trans-excludente",,Dissertation/Thesis,,Dissertação (Mestrado),,,UNICAMP,,-22.8182415,-47.0646455
Camargo_DT_Pessoas.pdf,camargo_dt_pessoas,application/pdf,pdf,https://i.ibb.co/RkmYb7wN/camargo-dt-pessoas-th.jpg,,2020,Eric Seger de Camargo,Pessoas trans nos esportes: os jogos da cisnormatividade,Educação; Esporte,"A crescente presença e progressiva visibilidade de pessoas trans no esporte suscita discussões sobre a equidade competitiva entre pessoas trans e pessoas cis. Educadores/as, treinadores/as e gestores/as do esporte precisam tomar decisões a respeito da inclusão de pessoas trans no esporte baseado em critérios científicos e sociais. As controvérsias envolvendo essa questão tomam como referência os parâmetros corporais “sexo biológico” como forma de comparar pessoas trans a pessoas cis e promover condições “justas” de competição. Com o objetivo de compor uma base teórica de análise para compreender essa questão, essa pesquisa analisou a produção científica de especialistas envolvidos no consenso do Comitê Olímpico Internacional sobre pessoas trans para situar a discussão em uma lente de análise consciente da cisnormatividade, do racismo e do colonialismo, entendendo como que a produção científica produz os critérios de eligibilidade das categorias feminina e masculina no esporte. A metodologia envolveu o levantamento de produções científicas associadas a questão que delineassem as epistemologias de corpos envolvidas na decisão apresentada pelo consenso. As ferramentas teóricas utilizadas para compreender essas bases epistemológicas foram a cisnormatividade a partir de Viviane Vergueiro, a performatividade de gênero/sexo proposta por Butler, e a praxiografia de Annemarie Mol, que juntas buscaram ampliar as possibilidades de inteligibilidade de corpos para entender os limites e pontos cegos envolvidos na determinação de critérios fisiológicos das diferenças sexuais. A associação das diferenças sexuais com hormônios (especificamente testosterona) e desempenhos esportivos proporcionalmente correspondentes ao binário sexual foi identificada como o paradigma atual de compreensão do sexo biológico. A primazia da testosterona como fator único e suficiente para predição de desempenho é contestada por diversos/as autores/as, alimentando controvérsias que se associam à questão das pessoas trans. A inteligibilidade dos corpos trans aparece limitada ao espelho da cisgeneridade, sendo definida a partir da noção de uma essência cisgênera modificada por hormônios, buscando-se assim a equivalência a essa referência, reduzindo as possibilidades de existências trans. A raça é uma variável central que é naturalizada na produção de um referencial branco universal, invisibilizando os mecanismos de conformação de gênero que penalizam mais frequentemente as pessoas negras, já que o referencial gendrado está associado à branquitude. As condições justas de competição envolvendo pessoas trans não devem ser limitadas a discussões sobre testosterona, e sim ampliar o referencial de compreensão sobre pessoas trans incluindo a percepção de como atuam os mecanismos de exclusão social. Não existem até o momento evidências significativas que apontem vantagens injustas de mulheres trans sobre mulheres cis em competições esportivas.",,Dissertation/Thesis,,Dissertação (Mestrado),,,UFRGS,,-30.03367535,-51.21913413
Costa_DT_Identidade.pdf,costa_dt_identidade,application/pdf,pdf,https://i.ibb.co/pBsNKmtg/costa-dt-identidade-th.jpg,,2020,Hainra Asabi Alves Costa,Identidade racial e transexual: um olhar sobre os PNLD de sociologia,Sociologia; Negritudes,"O presente trabalho de estudo tem por objetivo realizar as análises quantitativas dos livros didáticos do PNLD 2018 de Sociologia, em suas cinco publicações, a partir de um recorte das identidades racial e transexual, da leitura dos textos carregados da temática em questão. Para produção dos dados levamos da ferramenta de pesquisa presente no software Adobe Acrobat Reader DC, aplicando um conjunto de palavras relacionadas ao tema, separadas entre raça e travestilidade. Para a identificação dos textos, imagens, tabelas e gráficos que tratassem a questão racial utilizamos os verbetes: raça, negro e preto. Já para localizar textos, imagens, tabelas e gráficos relacionadas as questões da identidade travesti, fiquemos uso das palavras: transsual, transgêro (a) e transexual. Após identificar as palavras chave uma a uma, passamos a ler o conteúdo e contexto ao qual a palavra chave se encontrava, afim de verificar o enquadramento de nosso objeto. Na sequência análise dos dados, bem como apresentamos ao longo desta dissertação.",,Dissertation/Thesis,,Dissertação (Mestrado),,,UNESP,,,
Grunvald_DT_Existencias.pdf,grunvald_dt_existencias,application/pdf,pdf,https://i.ibb.co/hF0rKG0j/grunvald-dt-existencias-th.jpg,,2016,Vi Grunvald,"Existências, insistências e travessias: sobre algumas poéticas e políticas do travestimento",Antropologia,"Esta tese é sobre políticas e poéticas do travestimento e, especialmente, sobre os regimes de produção de imagens-corpo agenciados a partir de algumas práticas de pessoas que se vestem com roupas do gênero associado ao sexo oposto. Inicialmente delimitada pelo trabalho de campo que realizei com pessoas que se autointitulam crossdressers, a pesquisa acabou se ampliando para abarcar sujeitos que se pensam a partir de outros territórios existenciais. Essa ampliação foi guiada pela própria dinâmica do campo, já que algumas pessoas com as quais fiz pesquisa passaram a entender suas experiências de maneira diversa daquela sugerida pela palavra crossdressing, propiciando uma compreensão desta prática ora como instanciação de um processo mais amplo de transformação ora como identidade reivindicada. Trata-se de refletir sobre os diferentes regimes de funcionamento do crossdressing e as travessias entre formas de vida distintas. Busco também pensar como alguns artistas se valeram do travestimento em seus agenciamentos artísticos na tentativa de acessar outras referências a partir das quais estas vivências pudessem ser compreendidas, além ou aquém de normatizações médico-legais tão presentes nos estudos sobre pessoas que se travestem. Desejo igualmente fomentar um campo de reflexão antropológica bastante escasso, a saber, aquele cuja consideração envolve tanto a arte contemporânea quanto seu cruzamento com discussões relativas ao gênero e à sexualidade.",,Dissertation/Thesis,,Tese (Doutorado),,,USP,,-23.56115322,-46.73073546
Jesus_DT_Protesto.pdf,jesus_dt_protesto,application/pdf,pdf,https://i.ibb.co/YTJf25ct/jesus-dt-protesto-th.jpg,,2010,Jaqueline Gomes de Jesus,O protesto na festa: política e carnavalização nas paradas do orgulho LGBT,Psicologia,,,Dissertation/Thesis,,Tese (Doutorado),,,UnB,,-15.76263407,-47.87074542
Lanz_DT_Corpo.pdf,lanz_dt_corpo,application/pdf,pdf,https://i.ibb.co/j9W6dYY0/lanz-dt-corpo-th.jpg,,2014,Leticia Lanz,O corpo da roupa: a pessoa transgênera entre a transgressão e a conformidade com as normas de gênero,Sociologia,"Muito se escreveu e ainda se escreve sobre travestis, transexuais, crossdressers e dragqueens no Brasil, mas praticamente não há registro escrito a respeito da condição transgênera - ou transgeneridade - como é internacionalmente conhecido o fenômeno sociológico de desvio ou transgressão das normas de conduta estabelecidas pelo dispositivo binário de gênero, fato que caracteriza todas essas identidades, fazendo com que elas sejam consideradas gênero-divergentes e, em razão disso, marginalizadas, excluídas e estigmatizadas pela sociedade. Transgênero é um termo ?guarda-chuva', destinado a reunir debaixo de si todas essas identidades gênero-divergentes, ou seja, identidades que, de alguma forma e em algum grau, descumprem, ferem e/ou afrontam o dispositivo binário de gênero. Transgênero tampouco diz respeito ao gay (ou lésbica ou bi) ?mais afetado', como não deve ser considerado como doença mental ou comportamento depravado, tratando-se apenas e tão somente de uma circunstância sociopolítica de inadequação às normas de conduta de gênero. A pessoa transgênera vive permanentemente dividida e tensionada entre a transgressão dessas normas e a busca pela conformidade com elas, só que, em geral, dentro de uma categoria de gênero que é oposta àquela em que a pessoa foi enquadrada ao nascer. Mas o ?estado de conflito' em que a pessoa transgênera é habitualmente descrita nunca foi dela com ela mesmo, ou da sua subjetividade com a sua corporalidade, mas a consequência imediata da sua transgressão das normas sociais de gênero, através de ?pensamentos, palavras, atos e omissões' . Se o dispositivo binário de gênero fosse algo ao menos flexível, se não comportasse apenas duas e somente duas identidades socialmente legitimadas (masculino e feminino) não haveria a menor possibilidade de ocorrer qualquer tipo de transgressão de gênero, nenhuma pessoa seria classificada como transgênero ou gênero-divergente. Neste trabalho perguntamos até que ponto a transição de um gênero para outro pode ser considerada transgressão do dispositivo binário de gêneros ou constitui apenas ?uma outra forma' de confirmação e ratificação dessa mesma norma? Dito de outra forma, até que ponto a transição de um gênero para outro representa afronta e violação das normas e estereótipos de gênero ou não passa de premeditada e deliberada estratégia de reinserção ao dispositivo binário de gênero? Isso nos demanda investigar em que o comportamento transgênero viola e subverte a ordem binária de gêneros, apresentando elementos de transgressão e de subversão do dispositivo de gênero e em que ele apenas reifica e ratifica essa mesma ordem, apresentando elementos de conformidade e aceitação da ordem binária de gêneros. Palavras-chave: transgênero, transgeneridade, transgressão de gênero, estudos transgêneros, travesti, transexual, crossdresser, crossdressing, travestismo masculino, identidade de gênero, identidades gênero-givergentes, expressão de gênero, dispositivo binário de gênero, normas de gênero, transfobia, transição, passabilidade.",,Dissertation/Thesis,,Dissertação (Mestrado),,,UFPR,,-25.4264354,-49.2619218
Lima_DT_Transitos.pdf,lima_dt_transitos,application/pdf,pdf,https://i.ibb.co/VcG3mRLv/lima-dt-transitos-th.jpg,,2022,Lux Ferreira de Lima,Trânsitos em texto: uma análise comparada de biografias e autobiografias de pessoas trans no Brasil e nos EUA,Antropologia,"Esta tese tem por objetivo mapear, em uma perspectiva comparada, a trajetória de imaginários e saberes inscritos em e produzidos por biografias e autobiografias elaboradas ou planejadas por pessoas trans e publicadas no Brasil e nos Estados Unidos. Ao longo de décadas marcadas pela patologização da transexualidade e da travestilidade, pela emergência e consolidação do movimento trans, pelo aumento da visibilidade e ocupação por pessoas trans de espaços historicamente a elas negados, pelo acirramento de projetos políticos de destituição de direitos e humanidade a tal comunidade, e pela profusão de produções artísticas e acadêmicas por elas idealizadas, o enquadramento de sentido das categorias transexualidade, travestilidade e transgeneridade mudou consideravelmente; subjacente a tal processo, se deu, ademais, uma constante reestruturação dos regimes de produção de conhecimento e de produção literária. Considerando o desenrolar de tais dinâmicas de modos e em ritmos distintos, atravessados diferencialmente por marcadores sociais da diferença no Brasil e nos Estados Unidos, fiz a indagação: qual o papel que escritas auto/biográficas trans têm nessa configuração contínua? Pretendi respondê-la através da utilização de referenciais da teoria antropológica e dos estudos queer e trans, bem como da realização de pesquisa documental tendo como recorte tanto autobiografias e biografias publicadas em ambos os países entre 1967 e 2019 quanto arquivos de imprensa e veículos de mídia de acesso digital livre. Paralelamente, também submeti o processo de escrita da biografia da militante travesti Fernanda Benvenutty, realizado por ela, por mim e por minha orientadora Silvana Nascimento de 2016 a 2022, a um olhar autoetnográfico. O argumento que sustento, ao longo da tese, é: ao longo de três gerações de escrita auto/biográfica no Brasil e nos Estados Unidos, o empreendimento de tornar a si e à própria trajetória socialmente inteligíveis se deu em reação a enquadramentos hegemônicos de transexualidade, travestilidade e transgeneridade no debate púbico. Ao fazê-lo, autôries negociam, expõem, rearranjam e desafiam tais enquadramentos, fornecendo não só contra-discursos acerca de subjetividades trans mas também outros modos de imaginar estruturações do tempo, narrativas de processos de subjetivação, e articulações entre fantasia e realidade, identidade individual e coletiva, produzir e representar, verdade e mentira, masculinidades e feminilidades, entre outros. Nesse aspecto, os exercícios inventivos do gênero auto/biográfico se constituem, ao longo do tempo, em redes de saber subjuntivo, consideradas aqui berço dos estudos trans institucionalizados. Seu desenvolvimento se dá em paralelo ao reconhecimento acadêmico deste campo de trabalho científico",,Dissertation/Thesis,,Tese (Doutorado),,,USP,,-23.56092993,-46.73093151
Neves_DT_Hospitalidade.pdf,neves_dt_hospitalidade,application/pdf,pdf,https://i.ibb.co/JWxpfPFD/neves-dt-hospitalidade-th.jpg,,2015,Benjamin Neves,Transmasculinidades e o cuidado em saúde: desafios e impasses por vidas não fascistas,Saúde; Transmasculinidades,,,Dissertation/Thesis,,Dissertação (Mestrado),,,UFRJ,,-22.86676884,-43.21520495
Oliveira_DT_Somos.pdf,oliveira_dt_somos,application/pdf,pdf,https://i.ibb.co/jPrXfvWd/oliveira-dt-somos-th.jpg,,2015,André Lucas Guerreiro Oliveira,Somos quem podemos ser: os homens (trans) brasileiros e o discurso pela (des)patologização da transexualidade,Ciências Sociais; Transmasculinidades; Saúde,"Esta pesquisa buscou analisar o discurso dos homens (trans) brasileiros em relação à (des) patologização das identidades (trans). Para tanto, buscou-se analisar a percepção dos sentidos atribuídos pelos homens (trans) brasileiros às suas experiências inseridas no contexto em que sua vivência é considerada uma patologia psiquiátrica, passível (ou não) de ser laudada por profissionais das áreas médica e psicológica. De tal maneira que, a obtenção deste parecer torna-se obrigatório para a realização de alterações corporais, bem como aos encaminhamentos para as modificações da documentação civil. A metodologia adotada foi a análise de discurso e as técnicas de pesquisa foram entrevistas semiestruturadas e observação sistemática das reuniões do grupo Cartografias Trans, grupo de atendimento psicoterápico à pessoas (trans) do Centro de pesquisa e atendimento à travestis e transexuais – CPATT em Curitiba, Paraná. O referencial teórico da pesquisa apoiou-se principalmente, mas não apenas, nos estudos propostos pela teoria queer. Nesse sentido a pesquisa verificou a partir da inserção no campo e da análise que os dados trouxeram, dentre outras questões, a existência de um discurso estratégico por parte dos homens (trans) brasileiros em relação à despatologização de suas identidades, manifestado principalmente na noção de que ter a identidade (trans) patologizada não os torna doentes.",,Dissertation/Thesis,,Dissertação (Mestrado),,,UFRN,,-5.83942619,-35.20048149
Paiva_DT_Travas.pdf,paiva_dt_travas,application/pdf,pdf,https://i.ibb.co/Nd6myTRd/paiva-dt-travas-th.jpg,,2020,Pietra Azevedo Paiva,“As travas de Jardim são unidas”: etnografia da performance identitária das travestis em contextos rurais,Antropologia; Contextos rurais,"As pesquisas sobre travestilidades apresentam majoritariamente um locus urbano e metropolitano para a performance identitária das travestis, pouco conhecendo as performatizações em outros contextos, como os rurais e interioranos. Por via etnográfica, acompanhei cotidianamente, com alguns intervalos, cinco travestis entre fevereiro e setembro de 2019 em um município rural/interiorano do sertão norte-rio-grandense, buscando problematizar e compreender como elas performatizam suas identidades de gênero e constroem seus corpos e subjetividades. Para isso, refleti sobre a fluidez e descentramento destas performances identitárias no manejo dos símbolos, das formas de tratamento e dos espaços generificados; e analisei, no âmbito da alteridade, as visibilidades sociais e as sociabilidades construídas/presentes nos cotidianos observados, tendo como base os marcadores sociais da diferença de classe, deficiência, geração e raça. De um lado, compreende-se as agências e a diversidade envoltas das travestilidades, corroborando na expansão do mosaico e do caleidoscópio das travestilidades brasileiras e nordestinas, e evidenciando a heterogeneidade a partir dos marcadores diferenciados de subjetivação e de deslocamentos. Por outro, desmistifica-se o Nordeste e seus interiores [rurais] como “atrasados” e locus da moralidade conservadora e repressora, e problematiza-se a geometria dos espaços, que socioculturalmente propaga e defende a hierarquia do urbano/metropolitano “civilizado” sobre o rural/interiorano “primitivo”, alegando a recognição das cidades como lugares de trânsitos, onde os municípios urbanos ou rurais estão interligados pelos deslocamentos multilaterais, colocando em questão a essencialização e a binariedade do rural, urbano, interior e metrópole.",,Dissertation/Thesis,,Dissertação (Mestrado),,,UFRN,,-5.83942619,-35.20048149
Pinheiro_DT_Linnda.pdf,pinheiro_dt_linnda,application/pdf,pdf,https://i.ibb.co/6cw5qHvV/pinheiro-dt-linnda-th.jpg,,2022,Rafa Pinheiro,"Linn(da) que brada: Dissidências poéticas, corporalidade em movimento e estéticas insurgentes",Ciências Sociais; Artes,"A produção acadêmica voltada para questões de gênero e sexualidade alcança diferentes áreas e abordagens transdisciplinares, assim como uma pluralidade de linguagens artísticas contemporâneas amplifica tais questões por meio de interpelações e desconstruções corporais, identitárias e sexuais. Partindo de um cenário de emergência de artistas de gênero e sexualidade dissidentes no Brasil, esta dissertação focaliza a sua análise nas produções da artista multimídia Linn da Quebrada. Radicada em São Paulo, ela transitou entre a dança, o teatro, a performance artística, o audiovisual, e, desde 2016, realiza imersões musicais em apresentações com grande repercussão nacional e internacional. A pesquisa é orientada por três questões mobilizadas pela própria artista em entrevista: “o que pode este corpo?”, “o que só este corpo carrega?” e “qual a força de uma canção?”. O exercício analítico acompanha a fluidez das autodenominações que a artista propõe, a implicação mútua entre corpo e obra de arte, a aproximação das performances artísticas nos shows com a performatividade de gênero, assim como as intersecções entre as letras musicais do seu primeiro álbum de estúdio, intitulado Pajubá (2017), e os debates acadêmicos de gênero e sexualidade. O percurso metodológico inclui observações livres de situações e cenas presenciadas em shows, registros textuais e fotográficos das apresentações, utilização de notas biográficas e reflexões concedidas pela artista durante algumas entrevistas, trechos disponíveis no documentário longa-metragem Bixa Travesty (2018), descrições densas de eventos on-line em que a artista participou durante o período da pandemia de Covid-19, bem como as impressões de seu retorno ao palco após a alta visibilidade conquistada através da participação no reality show Big Brother Brasil.",,Dissertation/Thesis,,Dissertação (Mestrado),,,UNIFESP,,-23.5595478,-46.64830767
Rego_DT_Combinamos.pdf,rego_dt_combinamos,application/pdf,pdf,https://i.ibb.co/Cp5mHkQ1/rego-dt-combinamos-th.jpg,,2021,Yordana Lara Pereira Rego,"Combinamos de não morrer? Transfobia, racismo e resistência à necropolítica entre pessoas trans negras em Goiás",Antropologia; Negritudes,,,Dissertation/Thesis,,Dissertação (Mestrado),,,UFG,,-15.94122207,-50.13493594
Reidel_DT_Pedagogia.pdf,reidel_dt_pedagogia,application/pdf,pdf,https://i.ibb.co/tPmFf8TG/reidel-dt-pedagogia-th.jpg,,2013,Marina Reidel,A pedagogia do salto alto. Histórias de professoras transexuais e travestis na educação brasileira,Educação,"O presente trabalho de pesquisa traz uma nova abordagem e novos personagens dentro do contexto educacional. A pedagogia do salto alto é uma nova leitura que traz as histórias de professoras transexuais e travestis atuantes na educação brasileira como personagens que, por muito tempo, ficaram escondidas ou à margem da sociedade. A partir das histórias de vida apresentadas, analiso tópicos importantes e significativos, norteando o tema da Educação, transversalizando com outros temas como sexualidade, gênero, violência e preconceito. Também proponho, neste trabalho, apontar alguns caminhos possíveis na busca de uma educação possível, a partir destes novos sujeitos",,Dissertation/Thesis,,Dissertação (Mestrado),,,UFRGS,,-30.03367535,-51.21913413
Reis_DT_Somos.pdf,reis_dt_somos,application/pdf,pdf,https://i.ibb.co/p6hNzkqj/reis-dt-somos-th.jpg,,2018,Andreia Resende Dos Reis,Somos feitas de histórias: (auto)etnografia multilocal com travestis,Psicologia; Travestilidades,,,Dissertation/Thesis,,Tese (Doutorado),,,PUC-MG,,-19.93212044,-43.93643768
Vergueiro_DT_Inflexoes.pdf,vergueiro_dt_inflexoes,application/pdf,pdf,https://i.ibb.co/bgzXfSgp/vergueiro-dt-inflexoes-th.jpg,,2015,Viviane Vergueiro,Por inflexões decoloniais de corpos e identidades de gênero inconformes,Cultura e Sociedade; cisgeneridade,"Este trabalho tem como propósitos (1) fundamentar e caracterizar as categorias analíticas de cisgeneridade e cisnormatividade, propondo-as como relevantes para reﬂexões políticas, acadêmicas, existenciais sobre as diversidades de corpos e de identidades de gênero, assim como tecer reﬂexões autoetnográﬁcas atravessadas pelas localizações, limitações e potências intelectuais desta autoetnógrafa acerca (2) dos dispositivos de poder institucionais e não institucionais cisnormativos que exercem colonialidades sobre estas diversidades, bem como sobre (3) as possibilidades de resistência e enfrentamento a estes cistemas de poder interseccionalmente constituídos. Para cumprir tais propósitos, a dissertação é composta por dois movimentos: no primeiro, o objetivo é promover diálogos sobre alguns dos conceitos que inspiram a proposição analítica de cisgeneridade, e trazem possibilidades epistêmicas e metodológicas ao trabalho, como os de autoetnograﬁa, interseccionalidade, heterossexualidade, e branquitude. A partir de referenciais trans+feministas, queer e decoloniais, pretendese caracterizar a cisgeneridade como normatividade sobre corpos e identidades de gênero que os naturaliza e idealiza, em fantasias ciscoloniais, como pré-discursivos, binários e permanentes. O segundo movimento se constitui pela caracterização, a partir de análises autoetnográﬁcas, de processos cisnormativos que estabelecem colonialidades do saber, poder e ser que operam violentamente através de cistemas. Contra estes processos cisnormativos e colonialidades cistêmicas, tentamos elaborar alguns caminhos decoloniais que possam promover autodeterminação, autonomia, dignidade e liberdade às diversidades corporais e de identidades de gênero, particularmente aquelas inconformes, interseccionalmente, às cisnormatividades.",,Dissertation/Thesis,,Dissertação (Mestrado),,,UFBA,,-12.74983165,-38.48214151
,,,,,,2012,Adriana Sales,Travestilidades e escolas nas narrativas de alunas travestis,Educação; Travestilidades,,,Dissertation/Thesis,,Dissertação (Mestrado),,,UFMT,,,
Almeida_A_Homens.pdf,almeida_a_homens,application/pdf,pdf,https://i.ibb.co/LzyBRjfP/almeida-a-homens-th.jpg,,2012,Guilherme Almeida,"""Homens trans"": novos matizes na aquarela das masculinidades?",Transmasculinidades,"O artigo discute de forma exploratória a emergência de uma nova categoria identitária no Brasil, a de 'homem trans'. Essa se constrói diferenciando-se da identidade lésbica e, também, de expressões de gênero de outros grupos que tiveram seus corpos assignados como femininos ao nascimento, mas que contestam essa assignação sem, contudo, se afirmarem 'homens' de forma constante. Afirma-se que a emergência dos 'homens trans' tem sido potencializada pelo estabelecimento do processo transexualizador no SUS. Discutem-se o uso do termo ""homem trans"" e algumas características comuns a tais sujeitos. Problematizam-se a complexidade de seus processos de autorreconhecimento e construção de masculinidades, sua rápida capacidade de indiferenciação a partir de modificações corporais e, alguns dos efeitos políticos e subjetivos, da visibilidade e da indiferenciação.",,Paper,,Artigo em Periódico,,Estudos Feministas,,,,
Costa_A_Saidas.pdf,costa_a_saidas,application/pdf,pdf,https://i.ibb.co/NdNT7Rtd/costa-a-saidas-th.jpg,,2020,Caio Jade Puosso Cardoso Gouveia Costa,Saídas de Emergência: autobiografias e espiritualidades trans,,,,Paper,,Artigo em Periódico,,Sacrilegens,,,,
Favero_A_Etica.pdf,favero_a_etica,application/pdf,pdf,https://i.ibb.co/qMBL58x7/favero-a-etica-th.jpg,,2020,Sofia Favero,Por uma ética pajubariana: a potência epistemológica das travestis intelectuais,Travestilidades,"O presente artigo analisa o deslocamento da posição de “pesquisadas” para a de “pesquisadoras” que tem sido empreendido pelas travestis intelectuais brasileiras. Para discutir essa questão, retoma algumas construções teóricas acerca dos saberes localizados, mas coloca em análise a fragilidade ontológica do conceito de local de fala. Nesse sentido, entende que é necessária a criação de uma ética capaz de conjugar os esquemas linguísticos e cosmológicos das travestis com o cenário científico que se desdobra na atualidade.",,Paper,,Artigo em Periódico,,Equatorial,,,,
Jesus_A_Feminismos.pdf,jesus_a_feminismos,application/pdf,pdf,https://i.ibb.co/YBPsn1Hc/jesus-a-feminismos-th.jpg,,2018,Jaqueline Gomes de Jesus,Feminismos contemporâneos e interseccionalidades,Transfeminismos,"O processo de globalização, acelerado pelas Novas Tecnologias de Informação e Comunicação, tem perpassado fronteiras culturais e propiciado mudanças nas concepções de gênero: tanto nas relações sociais quanto na própria conceituação acerca do que são homens e mulheres. As diferentes vertentes feministas apresentam um papel central nessa transformação, utilizando-se dos recursos da virtualidade para difundir discursos que pressupõe a interação de opressões e a interseccionalidade de identidades como subsídios para a construção de novas práticas sociais. Enquanto novíssimo pensamento-ação feminista, o Transfeminismo incorpora essas características na sua constituição e difusão, constituindo-se como um exemplo das múltiplas aplicações do Feminismo em termos de teoria e política. O presente artigo visa a compor um panorama sintético de discussões contemporâneas do Feminismo, com base na internet, a partir de revisão bibliográfica e da apresentação das concepções de 6 (seis) lideranças transfeministas brasileiras, coletadas via rede social e dispostas na forma de diálogo.",,Paper,,Artigo em Periódico,,REBEH,,,,
Jesus_A_Xica.pdf,jesus_a_xica,application/pdf,pdf,https://i.ibb.co/svhBqBWS/jesus-a-xica-th.jpg,,2019,Jaqueline Gomes de Jesus,Xica Manicongo: a transgeneridade toma a palavra,História,,,Paper,,Artigo em Periódico,,ReDoc,,,,
Rodovalho_A_Cis.pdf,rodovalho_a_cis,application/pdf,pdf,https://i.ibb.co/zHbCrz68/rodovalho-a-cis-th.jpg,,2017,Amara Moira Rodovalho,O cis pelo trans,Cisgeneridade,,,Paper,,Artigo em Periódico,,Estudos Feministas,,,,
,,,,,,2020,Júlia Pontes; Cristiane Gonçalves Silva; Eunice Nakamura,Crianças e adolescentes trans. A construção de categorias entre profissionais de saúde,Crianças trans,,,Paper,,Artigo em Periódico,,"Sexualidad, Salud y Sociedad",,,,